cohort	workers	n	mean	sample_sd	minimum	maximum
all_compatible	4	6	2428.530783688954	9.749716952171978	2415.8465206692085	2444.499468416842
all_compatible	8	6	2425.7799326766603	20.508736076217833	2387.8574959448897	2444.3368109608714
all_compatible	12	6	2426.2966132365495	30.60411037746468	2386.5731332729993	2459.9439985298836
all_compatible	16	6	2444.591707388855	54.75105690813671	2369.9763841668896	2501.344422310126
previous_r04	4	3	2433.332550522114	9.730563228139012	2426.6726068855332	2444.499468416842
previous_r04	8	4	2434.84532008781	10.542715146352588	2421.167670636563	2444.3368109608714
previous_r04	12	3	2430.278957417114	30.748263003618465	2397.192439314955	2457.9764720527824
previous_r04	16	3	2440.6943603705163	51.385935879643576	2381.5823198955454	2474.704525799942
coarse_workers_only	4	2	2424.365469098936	12.047612406477313	2415.8465206692085	2432.884417528663
coarse_workers_only	8	2	2443.074767264592	1.7847993115856664	2441.812723568313	2444.3368109608714
coarse_workers_only	12	2	2427.584455683869	42.98080173678268	2397.192439314955	2457.9764720527824
coarse_workers_only	16	2	2428.1434228477438	65.84734327404882	2381.5823198955454	2474.704525799942
