log	model_path	sha256
records/raw_logs/invalid/hpcasia/input_pipeline/h100/arxiv/pyg_worker_sensitivity/w12/sensitivity_w12_p2_s1_r1/train.log	records/model_dirs/invalid/hpcasia_gpu_input/pyg_worker_sensitivity/arxiv/pyg/workers/w12/sensitivity_w12_p2_s1_r1/train.log	9a610806ee5f07632c3f76d9dc916b3733f726a7aa8965d14eaf0b437405664a
records/raw_logs/invalid/hpcasia/input_pipeline/h100/arxiv/pyg_worker_sensitivity/w12/sensitivity_w12_p2_s1_r2/train.log	records/model_dirs/invalid/hpcasia_gpu_input/pyg_worker_sensitivity/arxiv/pyg/workers/w12/sensitivity_w12_p2_s1_r2/train.log	f1c3ff9d230832706be0ef1d119b22ad789b94a2d06533efa0cce41f51f5749d
records/raw_logs/invalid/hpcasia/input_pipeline/h100/arxiv/pyg_worker_sensitivity/w12/sensitivity_w12_p2_s1_r3/train.log	records/model_dirs/invalid/hpcasia_gpu_input/pyg_worker_sensitivity/arxiv/pyg/workers/w12/sensitivity_w12_p2_s1_r3/train.log	de4c4878e66b2502fcfee99d2ab39be2cbe5980a8527d80ccfdeac8d291a1bf4
records/raw_logs/invalid/hpcasia/input_pipeline/h100/arxiv/pyg_worker_sensitivity/w16/sensitivity_w16_p2_s1_r1/train.log	records/model_dirs/invalid/hpcasia_gpu_input/pyg_worker_sensitivity/arxiv/pyg/workers/w16/sensitivity_w16_p2_s1_r1/train.log	f6e636620971edc08af42ac3e8dfdcba85d65dcea4f2946dba1a1af5227f1ba2
records/raw_logs/invalid/hpcasia/input_pipeline/h100/arxiv/pyg_worker_sensitivity/w16/sensitivity_w16_p2_s1_r2/train.log	records/model_dirs/invalid/hpcasia_gpu_input/pyg_worker_sensitivity/arxiv/pyg/workers/w16/sensitivity_w16_p2_s1_r2/train.log	c37efab4b823e231f2adf199b426277a12d22a720b83c948faa2669dc5a08f81
records/raw_logs/invalid/hpcasia/input_pipeline/h100/arxiv/pyg_worker_sensitivity/w16/sensitivity_w16_p2_s1_r3/train.log	records/model_dirs/invalid/hpcasia_gpu_input/pyg_worker_sensitivity/arxiv/pyg/workers/w16/sensitivity_w16_p2_s1_r3/train.log	86ccc2d8afdbd4f64312cefb198ac3a6709115605257bde72a22a66f7b7bdd5c
records/raw_logs/invalid/hpcasia/input_pipeline/h100/arxiv/pyg_worker_sensitivity/w2/sensitivity_w02_p2_s1_r1/train.log	records/model_dirs/invalid/hpcasia_gpu_input/pyg_worker_sensitivity/arxiv/pyg/workers/w2/sensitivity_w02_p2_s1_r1/train.log	bc745c372b7f0509b032bcede941eb461a61f8bcce5c94105ee9c3c5bd8d9e87
records/raw_logs/invalid/hpcasia/input_pipeline/h100/arxiv/pyg_worker_sensitivity/w2/sensitivity_w02_p2_s1_r2/train.log	records/model_dirs/invalid/hpcasia_gpu_input/pyg_worker_sensitivity/arxiv/pyg/workers/w2/sensitivity_w02_p2_s1_r2/train.log	0e701cea8befdac0330922fb19a39cb68d8142e373f6d706916b74b2af0451a1
records/raw_logs/invalid/hpcasia/input_pipeline/h100/arxiv/pyg_worker_sensitivity/w2/sensitivity_w02_p2_s1_r3/train.log	records/model_dirs/invalid/hpcasia_gpu_input/pyg_worker_sensitivity/arxiv/pyg/workers/w2/sensitivity_w02_p2_s1_r3/train.log	ba60324a3dd2eabbfa41bd1b93c17625fc7127c4b0940d8815847fe9fa0f0588
records/raw_logs/invalid/hpcasia/input_pipeline/h100/arxiv/pyg_worker_sensitivity/w24/sensitivity_w24_p2_s1_r1/train.log	records/model_dirs/invalid/hpcasia_gpu_input/pyg_worker_sensitivity/arxiv/pyg/workers/w24/sensitivity_w24_p2_s1_r1/train.log	e7b0843a384e5f6e1f9c23fadcf5498bd846871fd2be0f28bd594dc6dd005cc7
records/raw_logs/invalid/hpcasia/input_pipeline/h100/arxiv/pyg_worker_sensitivity/w24/sensitivity_w24_p2_s1_r2/train.log	records/model_dirs/invalid/hpcasia_gpu_input/pyg_worker_sensitivity/arxiv/pyg/workers/w24/sensitivity_w24_p2_s1_r2/train.log	ef8e00a83c9ec7e227d7c068d48a4bae8bdcda95fa68d1c427fd757b3a2de41e
records/raw_logs/invalid/hpcasia/input_pipeline/h100/arxiv/pyg_worker_sensitivity/w24/sensitivity_w24_p2_s1_r3/train.log	records/model_dirs/invalid/hpcasia_gpu_input/pyg_worker_sensitivity/arxiv/pyg/workers/w24/sensitivity_w24_p2_s1_r3/train.log	9b5a30a309f1131990a403f4a3c12642d27706ae1e99c6f3eea85849514cefdc
records/raw_logs/invalid/hpcasia/input_pipeline/h100/arxiv/pyg_worker_sensitivity/w32/sensitivity_w32_p2_s1_r1/train.log	records/model_dirs/invalid/hpcasia_gpu_input/pyg_worker_sensitivity/arxiv/pyg/workers/w32/sensitivity_w32_p2_s1_r1/train.log	4fd0a5f0ef3f34f3e120c7f91a5daf0968e310a9c03a848ad6a9bc90c7a28fe0
records/raw_logs/invalid/hpcasia/input_pipeline/h100/arxiv/pyg_worker_sensitivity/w32/sensitivity_w32_p2_s1_r2/train.log	records/model_dirs/invalid/hpcasia_gpu_input/pyg_worker_sensitivity/arxiv/pyg/workers/w32/sensitivity_w32_p2_s1_r2/train.log	ac8f9400c0af9b161b5da8025214233e8a7c5bd2082f9e523c9873117ab2dad1
records/raw_logs/invalid/hpcasia/input_pipeline/h100/arxiv/pyg_worker_sensitivity/w32/sensitivity_w32_p2_s1_r3/train.log	records/model_dirs/invalid/hpcasia_gpu_input/pyg_worker_sensitivity/arxiv/pyg/workers/w32/sensitivity_w32_p2_s1_r3/train.log	9c83f1eca3cfe2fdb6543d42776b937ddc1c76ae465adad527a218f2c2cd848f
records/raw_logs/invalid/hpcasia/input_pipeline/h100/arxiv/pyg_worker_sensitivity/w4/sensitivity_w04_p2_s1_r1/train.log	records/model_dirs/invalid/hpcasia_gpu_input/pyg_worker_sensitivity/arxiv/pyg/workers/w4/sensitivity_w04_p2_s1_r1/train.log	813a4c9c73eb138e834c7aaa9ef86f31885e59ceb71c378c9967b8672fbeb557
records/raw_logs/invalid/hpcasia/input_pipeline/h100/arxiv/pyg_worker_sensitivity/w4/sensitivity_w04_p2_s1_r2/train.log	records/model_dirs/invalid/hpcasia_gpu_input/pyg_worker_sensitivity/arxiv/pyg/workers/w4/sensitivity_w04_p2_s1_r2/train.log	44ae8c4c9b56dea4f16685d634dc81fa62b5218ac3b94e10c3b100e1a126b12d
records/raw_logs/invalid/hpcasia/input_pipeline/h100/arxiv/pyg_worker_sensitivity/w4/sensitivity_w04_p2_s1_r3/train.log	records/model_dirs/invalid/hpcasia_gpu_input/pyg_worker_sensitivity/arxiv/pyg/workers/w4/sensitivity_w04_p2_s1_r3/train.log	d7ea44daa541073ec9b7f000908e31886b4d42f83269709638f5f1bc119db6b8
records/raw_logs/invalid/hpcasia/input_pipeline/h100/arxiv/pyg_worker_sensitivity/w40/sensitivity_w40_p2_s1_r1/train.log	records/model_dirs/invalid/hpcasia_gpu_input/pyg_worker_sensitivity/arxiv/pyg/workers/w40/sensitivity_w40_p2_s1_r1/train.log	dd294af0b1cc8c7c8ffc0285a33dafd57dcac858da1bbac5d3c3d870682ac451
records/raw_logs/invalid/hpcasia/input_pipeline/h100/arxiv/pyg_worker_sensitivity/w40/sensitivity_w40_p2_s1_r2/train.log	records/model_dirs/invalid/hpcasia_gpu_input/pyg_worker_sensitivity/arxiv/pyg/workers/w40/sensitivity_w40_p2_s1_r2/train.log	1fa837b88d45d248e80d4e5486ef4ad92dee127813d7c539708af7a216cc1251
records/raw_logs/invalid/hpcasia/input_pipeline/h100/arxiv/pyg_worker_sensitivity/w40/sensitivity_w40_p2_s1_r3/train.log	records/model_dirs/invalid/hpcasia_gpu_input/pyg_worker_sensitivity/arxiv/pyg/workers/w40/sensitivity_w40_p2_s1_r3/train.log	20628c12888b6630fc56d096e04857e49ce49a7184cc0ab6ee0b7670519167da
records/raw_logs/invalid/hpcasia/input_pipeline/h100/arxiv/pyg_worker_sensitivity/w48/sensitivity_w48_p2_s1_r1/train.log	records/model_dirs/invalid/hpcasia_gpu_input/pyg_worker_sensitivity/arxiv/pyg/workers/w48/sensitivity_w48_p2_s1_r1/train.log	7bbb890f6cd8dda1674354eff0d941ded38aa68791e020b0ce41c67093cc1fba
records/raw_logs/invalid/hpcasia/input_pipeline/h100/arxiv/pyg_worker_sensitivity/w48/sensitivity_w48_p2_s1_r2/train.log	records/model_dirs/invalid/hpcasia_gpu_input/pyg_worker_sensitivity/arxiv/pyg/workers/w48/sensitivity_w48_p2_s1_r2/train.log	2ceda5b2ab899aa3b2477dd30075d62f4f2382977f67d028b71f8544f1186130
records/raw_logs/invalid/hpcasia/input_pipeline/h100/arxiv/pyg_worker_sensitivity/w48/sensitivity_w48_p2_s1_r3/train.log	records/model_dirs/invalid/hpcasia_gpu_input/pyg_worker_sensitivity/arxiv/pyg/workers/w48/sensitivity_w48_p2_s1_r3/train.log	89c854058f564ecd2df472bee921919c3b4807bb2fa17bce23ed92cc865e9301
records/raw_logs/invalid/hpcasia/input_pipeline/h100/arxiv/pyg_worker_sensitivity/w8/sensitivity_w08_p2_s1_r1/train.log	records/model_dirs/invalid/hpcasia_gpu_input/pyg_worker_sensitivity/arxiv/pyg/workers/w8/sensitivity_w08_p2_s1_r1/train.log	1b245851f375db09eabc7f17d15b215c7f3667cc51e925b0e36ceeb89087292c
records/raw_logs/invalid/hpcasia/input_pipeline/h100/arxiv/pyg_worker_sensitivity/w8/sensitivity_w08_p2_s1_r2/train.log	records/model_dirs/invalid/hpcasia_gpu_input/pyg_worker_sensitivity/arxiv/pyg/workers/w8/sensitivity_w08_p2_s1_r2/train.log	9fdfe2de7159260cf9ae6821f584c30614270788c96c5baced3e6f1e0f45043e
records/raw_logs/invalid/hpcasia/input_pipeline/h100/arxiv/pyg_worker_sensitivity/w8/sensitivity_w08_p2_s1_r3/train.log	records/model_dirs/invalid/hpcasia_gpu_input/pyg_worker_sensitivity/arxiv/pyg/workers/w8/sensitivity_w08_p2_s1_r3/train.log	bb6616cb275a8b7dd56230efc7b6a0f1f8635fc07a95e0345750fe923c99e3f6
records/raw_logs/invalid/hpcasia/input_pipeline/h100/products/pyg_worker_sensitivity/w12/sensitivity_w12_p2_s1_r1/train.log	records/model_dirs/invalid/hpcasia_gpu_input/pyg_worker_sensitivity/products/pyg/workers/w12/sensitivity_w12_p2_s1_r1/train.log	ef775c720587b574e8cbbaaa5e14bc31cca2b17a876cf18096a0ba78206de3ff
records/raw_logs/invalid/hpcasia/input_pipeline/h100/products/pyg_worker_sensitivity/w12/sensitivity_w12_p2_s1_r2/train.log	records/model_dirs/invalid/hpcasia_gpu_input/pyg_worker_sensitivity/products/pyg/workers/w12/sensitivity_w12_p2_s1_r2/train.log	8c545cffddf7d82974dcb36ca908acf3d89ee8052c43737f6a4719ea4b7650c5
records/raw_logs/invalid/hpcasia/input_pipeline/h100/products/pyg_worker_sensitivity/w12/sensitivity_w12_p2_s1_r3/train.log	records/model_dirs/invalid/hpcasia_gpu_input/pyg_worker_sensitivity/products/pyg/workers/w12/sensitivity_w12_p2_s1_r3/train.log	e518ce8f686daad661aa27e278fa906d1fc152127e59e739a6df3f4b0aab4cbc
records/raw_logs/invalid/hpcasia/input_pipeline/h100/products/pyg_worker_sensitivity/w16/sensitivity_w16_p2_s1_r1/train.log	records/model_dirs/invalid/hpcasia_gpu_input/pyg_worker_sensitivity/products/pyg/workers/w16/sensitivity_w16_p2_s1_r1/train.log	2930639eef4db4fbeced81e4bb7aeecdfca89b76922d044c7b7ea25dd21678ab
records/raw_logs/invalid/hpcasia/input_pipeline/h100/products/pyg_worker_sensitivity/w16/sensitivity_w16_p2_s1_r2/train.log	records/model_dirs/invalid/hpcasia_gpu_input/pyg_worker_sensitivity/products/pyg/workers/w16/sensitivity_w16_p2_s1_r2/train.log	43a4ee789ccfab6deb8cdce68a91d7669e3b4944d8e272b33744a9901fe28b73
records/raw_logs/invalid/hpcasia/input_pipeline/h100/products/pyg_worker_sensitivity/w16/sensitivity_w16_p2_s1_r3/train.log	records/model_dirs/invalid/hpcasia_gpu_input/pyg_worker_sensitivity/products/pyg/workers/w16/sensitivity_w16_p2_s1_r3/train.log	f5ee70ec8a118acbcfc8205a0dd92b6ba2ff134f3cb5a03a8bdf96e363482093
records/raw_logs/invalid/hpcasia/input_pipeline/h100/products/pyg_worker_sensitivity/w2/sensitivity_w02_p2_s1_r1/train.log	records/model_dirs/invalid/hpcasia_gpu_input/pyg_worker_sensitivity/products/pyg/workers/w2/sensitivity_w02_p2_s1_r1/train.log	69579504b7d39341bbed4ad5e6f83ea0879979e98fa59b000f5c24689cfcdfdd
records/raw_logs/invalid/hpcasia/input_pipeline/h100/products/pyg_worker_sensitivity/w2/sensitivity_w02_p2_s1_r2/train.log	records/model_dirs/invalid/hpcasia_gpu_input/pyg_worker_sensitivity/products/pyg/workers/w2/sensitivity_w02_p2_s1_r2/train.log	0f7f4bc8e1a1d08f92d64e1a78f29d81102070f52768c53ea0ad6c19fa817d74
records/raw_logs/invalid/hpcasia/input_pipeline/h100/products/pyg_worker_sensitivity/w2/sensitivity_w02_p2_s1_r3/train.log	records/model_dirs/invalid/hpcasia_gpu_input/pyg_worker_sensitivity/products/pyg/workers/w2/sensitivity_w02_p2_s1_r3/train.log	b7da2272617307d0d5d234079eeb5e5dfdf51e003029e8a19393d1864d6fad93
records/raw_logs/invalid/hpcasia/input_pipeline/h100/products/pyg_worker_sensitivity/w24/sensitivity_w24_p2_s1_r1/train.log	records/model_dirs/invalid/hpcasia_gpu_input/pyg_worker_sensitivity/products/pyg/workers/w24/sensitivity_w24_p2_s1_r1/train.log	fe6b8298c15d0f8a8322b1b3388be7c5f9e45403c6bb30a5c598fe4631bb1acf
records/raw_logs/invalid/hpcasia/input_pipeline/h100/products/pyg_worker_sensitivity/w24/sensitivity_w24_p2_s1_r2/train.log	records/model_dirs/invalid/hpcasia_gpu_input/pyg_worker_sensitivity/products/pyg/workers/w24/sensitivity_w24_p2_s1_r2/train.log	e7122a5160326582f75ca9a82cdcc697550dde932ef99f0c812e66f7507d6c74
records/raw_logs/invalid/hpcasia/input_pipeline/h100/products/pyg_worker_sensitivity/w24/sensitivity_w24_p2_s1_r3/train.log	records/model_dirs/invalid/hpcasia_gpu_input/pyg_worker_sensitivity/products/pyg/workers/w24/sensitivity_w24_p2_s1_r3/train.log	fb643d2f72650c104b1c90bdfd0c55acaf13e0cadf273ac20a9d3af9710375ee
records/raw_logs/invalid/hpcasia/input_pipeline/h100/products/pyg_worker_sensitivity/w32/sensitivity_w32_p2_s1_r1/train.log	records/model_dirs/invalid/hpcasia_gpu_input/pyg_worker_sensitivity/products/pyg/workers/w32/sensitivity_w32_p2_s1_r1/train.log	410f9f28bd86d624a24f9ffd5de2a612df8c2076d439ca4f548f47486b8f633e
records/raw_logs/invalid/hpcasia/input_pipeline/h100/products/pyg_worker_sensitivity/w32/sensitivity_w32_p2_s1_r2/train.log	records/model_dirs/invalid/hpcasia_gpu_input/pyg_worker_sensitivity/products/pyg/workers/w32/sensitivity_w32_p2_s1_r2/train.log	2bf4e95192b24a2551071acb6540483d9201d4360cfe39374ac0130560c3bc26
records/raw_logs/invalid/hpcasia/input_pipeline/h100/products/pyg_worker_sensitivity/w32/sensitivity_w32_p2_s1_r3/train.log	records/model_dirs/invalid/hpcasia_gpu_input/pyg_worker_sensitivity/products/pyg/workers/w32/sensitivity_w32_p2_s1_r3/train.log	4bbe2b22a25caffacdaf7d40580247d94d740f1a8cedf791cfe4e75ea2057837
records/raw_logs/invalid/hpcasia/input_pipeline/h100/products/pyg_worker_sensitivity/w4/sensitivity_w04_p2_s1_r1/train.log	records/model_dirs/invalid/hpcasia_gpu_input/pyg_worker_sensitivity/products/pyg/workers/w4/sensitivity_w04_p2_s1_r1/train.log	340d5d0ce8e03a56140d89ecdf9023b5193ae90316a9f4fda1441110dea58b42
records/raw_logs/invalid/hpcasia/input_pipeline/h100/products/pyg_worker_sensitivity/w4/sensitivity_w04_p2_s1_r2/train.log	records/model_dirs/invalid/hpcasia_gpu_input/pyg_worker_sensitivity/products/pyg/workers/w4/sensitivity_w04_p2_s1_r2/train.log	bca4f9131ce0da8deb4a6f76a82cfe9ce3cd121f247394a2f728b1e412ad15ea
records/raw_logs/invalid/hpcasia/input_pipeline/h100/products/pyg_worker_sensitivity/w4/sensitivity_w04_p2_s1_r3/train.log	records/model_dirs/invalid/hpcasia_gpu_input/pyg_worker_sensitivity/products/pyg/workers/w4/sensitivity_w04_p2_s1_r3/train.log	6a096b933e6164fd374360bca7e2ddcb31774e8664ea85e86a094efa19e22503
records/raw_logs/invalid/hpcasia/input_pipeline/h100/products/pyg_worker_sensitivity/w40/sensitivity_w40_p2_s1_r1/train.log	records/model_dirs/invalid/hpcasia_gpu_input/pyg_worker_sensitivity/products/pyg/workers/w40/sensitivity_w40_p2_s1_r1/train.log	09642cc639f7f5c19af0f9c1c5a5ae5907b809a7fe978e51f7a1e3efe0db058b
records/raw_logs/invalid/hpcasia/input_pipeline/h100/products/pyg_worker_sensitivity/w40/sensitivity_w40_p2_s1_r2/train.log	records/model_dirs/invalid/hpcasia_gpu_input/pyg_worker_sensitivity/products/pyg/workers/w40/sensitivity_w40_p2_s1_r2/train.log	b0e0f0a66e4b34a1144dc2ae8957dec8c4eabc5d988a2601c2f11e2fce8917b9
records/raw_logs/invalid/hpcasia/input_pipeline/h100/products/pyg_worker_sensitivity/w40/sensitivity_w40_p2_s1_r3/train.log	records/model_dirs/invalid/hpcasia_gpu_input/pyg_worker_sensitivity/products/pyg/workers/w40/sensitivity_w40_p2_s1_r3/train.log	e676ece7cb9f0891e320131c76c4d00a89512eeac24f0bbe8f4c1dabfbcf8098
records/raw_logs/invalid/hpcasia/input_pipeline/h100/products/pyg_worker_sensitivity/w48/sensitivity_w48_p2_s1_r1/train.log	records/model_dirs/invalid/hpcasia_gpu_input/pyg_worker_sensitivity/products/pyg/workers/w48/sensitivity_w48_p2_s1_r1/train.log	c42c3b4c672b1c57529b35dc78af20e37095c3d8afb5fd6ba317c7bef8851c6c
records/raw_logs/invalid/hpcasia/input_pipeline/h100/products/pyg_worker_sensitivity/w48/sensitivity_w48_p2_s1_r2/train.log	records/model_dirs/invalid/hpcasia_gpu_input/pyg_worker_sensitivity/products/pyg/workers/w48/sensitivity_w48_p2_s1_r2/train.log	9acb62ed06244a22566e66b4840a13592a3936ff007d3ff7dadc696965f9ac71
records/raw_logs/invalid/hpcasia/input_pipeline/h100/products/pyg_worker_sensitivity/w48/sensitivity_w48_p2_s1_r3/train.log	records/model_dirs/invalid/hpcasia_gpu_input/pyg_worker_sensitivity/products/pyg/workers/w48/sensitivity_w48_p2_s1_r3/train.log	76f6ca0da8b5190e6aec0d9d28a7d15548edfa51d33e5905819585323fa73a90
records/raw_logs/invalid/hpcasia/input_pipeline/h100/products/pyg_worker_sensitivity/w8/sensitivity_w08_p2_s1_r1/train.log	records/model_dirs/invalid/hpcasia_gpu_input/pyg_worker_sensitivity/products/pyg/workers/w8/sensitivity_w08_p2_s1_r1/train.log	ab1f682530e1ad8ba11ff754dbc51de2c5ea09eafe59f6972f4050c22bdb4113
records/raw_logs/invalid/hpcasia/input_pipeline/h100/products/pyg_worker_sensitivity/w8/sensitivity_w08_p2_s1_r2/train.log	records/model_dirs/invalid/hpcasia_gpu_input/pyg_worker_sensitivity/products/pyg/workers/w8/sensitivity_w08_p2_s1_r2/train.log	77d0de183854a172e638bec1c915c98ec1c4665f6246a4b92eae377ee700fa3b
records/raw_logs/invalid/hpcasia/input_pipeline/h100/products/pyg_worker_sensitivity/w8/sensitivity_w08_p2_s1_r3/train.log	records/model_dirs/invalid/hpcasia_gpu_input/pyg_worker_sensitivity/products/pyg/workers/w8/sensitivity_w08_p2_s1_r3/train.log	023126ac7c0025c355cc85d61b5fa6dfd6f56773b47d8c6959019fc6fe3405d4
records/raw_logs/invalid/hpcasia/input_pipeline/cs3/arxiv/diagnostics/campaign_20260918T032805.576636Z/diagnostic_w12/train.log	records/model_dirs/invalid/hpcasia_r04/campaign_20260918T032805.576636Z/diagnostic_w12/train.log	6447dc5937dc8877cdd2c59f4f4b707682f8bba4633c3209d69aa2cee6311cd3
records/raw_logs/invalid/hpcasia/input_pipeline/h100/products/fixed_shape_new/w4/sensitivity_w04_p2_s1_r1/metrics.jsonl	records/model_dirs/invalid/hpcasia_gpu_input/fixed_shape_new/products/fixed_shape/workers/w4/sensitivity_w04_p2_s1_r1/model/metrics.jsonl	81fd43e947c79b5f79bc82c8f139bf215e1d02f19ab261d244db17232e08f4ea
records/raw_logs/invalid/hpcasia/input_pipeline/h100/products/fixed_shape_new/w4/sensitivity_w04_p2_s1_r1/train.log	records/model_dirs/invalid/hpcasia_gpu_input/fixed_shape_new/products/fixed_shape/workers/w4/sensitivity_w04_p2_s1_r1/train.log	c226bbb5f919e4d5cd76d65fc5291ccc8a6fa44b7764174b2608a465323fba89
records/raw_logs/invalid/hpcasia/input_pipeline/h100/products/fixed_shape_new/w4/sensitivity_w04_p2_s1_r3/metrics.jsonl	records/model_dirs/invalid/hpcasia_gpu_input/fixed_shape_new/products/fixed_shape/workers/w4/sensitivity_w04_p2_s1_r3/model/metrics.jsonl	a8f9f7cd5f3ec13d61f0a27dbc48201bd651205734318441528a785baa23488d
records/raw_logs/invalid/hpcasia/input_pipeline/h100/products/fixed_shape_new/w4/sensitivity_w04_p2_s1_r3/train.log	records/model_dirs/invalid/hpcasia_gpu_input/fixed_shape_new/products/fixed_shape/workers/w4/sensitivity_w04_p2_s1_r3/train.log	3e8a3da51a7967566359a294842cf78bf989b697b888210c61c2d6d85df1d52b
records/raw_logs/invalid/hpcasia/input_pipeline/h100/products/fixed_shape_new/w4/sensitivity_w04_p2_s1_r2/metrics.jsonl	records/model_dirs/invalid/hpcasia_gpu_input/fixed_shape_new/products/fixed_shape/workers/w4/sensitivity_w04_p2_s1_r2/model/metrics.jsonl	b02cce6ef7d4c2c90da012127a82316ee8099724208551d60329833b12959380
records/raw_logs/invalid/hpcasia/input_pipeline/h100/products/fixed_shape_new/w4/sensitivity_w04_p2_s1_r2/train.log	records/model_dirs/invalid/hpcasia_gpu_input/fixed_shape_new/products/fixed_shape/workers/w4/sensitivity_w04_p2_s1_r2/train.log	fa3413d98b8cf40cc60eb2a860b66c92e45144b1ac0145d83404affdef36538b
records/raw_logs/invalid/hpcasia/input_pipeline/h100/products/fixed_shape_new/w2/sensitivity_w02_p2_s1_r1/metrics.jsonl	records/model_dirs/invalid/hpcasia_gpu_input/fixed_shape_new/products/fixed_shape/workers/w2/sensitivity_w02_p2_s1_r1/model/metrics.jsonl	03bf93cc083dccd241d69a2b47594646405b7438eea458fced04c3a4c33fc44b
records/raw_logs/invalid/hpcasia/input_pipeline/h100/products/fixed_shape_new/w2/sensitivity_w02_p2_s1_r1/train.log	records/model_dirs/invalid/hpcasia_gpu_input/fixed_shape_new/products/fixed_shape/workers/w2/sensitivity_w02_p2_s1_r1/train.log	ffaaaeedb048c1a0d06932a6a59e8686e0f16471b64c9a3ca24a6a5b720d19d9
records/raw_logs/invalid/hpcasia/input_pipeline/h100/products/fixed_shape_new/w2/sensitivity_w02_p2_s1_r2/metrics.jsonl	records/model_dirs/invalid/hpcasia_gpu_input/fixed_shape_new/products/fixed_shape/workers/w2/sensitivity_w02_p2_s1_r2/model/metrics.jsonl	93881dd9b423d1b0ecbebafbf8fd1bdc785b3ff284ef7ddeaaf0f18603f3ed79
records/raw_logs/invalid/hpcasia/input_pipeline/h100/products/fixed_shape_new/w2/sensitivity_w02_p2_s1_r2/train.log	records/model_dirs/invalid/hpcasia_gpu_input/fixed_shape_new/products/fixed_shape/workers/w2/sensitivity_w02_p2_s1_r2/train.log	8219cffcc3229e7e437ad6c478a8da19a99895ada53dd3394e740f8f4207e165
records/raw_logs/invalid/hpcasia/input_pipeline/h100/products/fixed_shape_new/w2/sensitivity_w02_p2_s1_r3/metrics.jsonl	records/model_dirs/invalid/hpcasia_gpu_input/fixed_shape_new/products/fixed_shape/workers/w2/sensitivity_w02_p2_s1_r3/model/metrics.jsonl	cf45cae641809e5df33781f44c0836c6fb3a53c3d285dce4576414e82be0652c
records/raw_logs/invalid/hpcasia/input_pipeline/h100/products/fixed_shape_new/w2/sensitivity_w02_p2_s1_r3/train.log	records/model_dirs/invalid/hpcasia_gpu_input/fixed_shape_new/products/fixed_shape/workers/w2/sensitivity_w02_p2_s1_r3/train.log	84d0fc2e7d4c5988d6d0eeb69e399b37aaf32583ac68f15c17cd191d51ea203d
records/raw_logs/invalid/hpcasia/input_pipeline/h100/products/fixed_shape_new/w8/sensitivity_w08_p2_s1_r3/metrics.jsonl	records/model_dirs/invalid/hpcasia_gpu_input/fixed_shape_new/products/fixed_shape/workers/w8/sensitivity_w08_p2_s1_r3/model/metrics.jsonl	5e6e84b46c0e7840e62ef8cb6a3731e150b7b5a82b91da428a0b4ae52ce6cd96
records/raw_logs/invalid/hpcasia/input_pipeline/h100/products/fixed_shape_new/w8/sensitivity_w08_p2_s1_r3/train.log	records/model_dirs/invalid/hpcasia_gpu_input/fixed_shape_new/products/fixed_shape/workers/w8/sensitivity_w08_p2_s1_r3/train.log	5e3cc7c3908a987152485074d45d879321fd14700162b05e4b946bf3e758ab15
records/raw_logs/invalid/hpcasia/input_pipeline/h100/products/fixed_shape_new/w8/sensitivity_w08_p2_s1_r1/metrics.jsonl	records/model_dirs/invalid/hpcasia_gpu_input/fixed_shape_new/products/fixed_shape/workers/w8/sensitivity_w08_p2_s1_r1/model/metrics.jsonl	400b3d16309f16e73c4560e590737432732c29b3ed12bd780951e240f66cdc9f
records/raw_logs/invalid/hpcasia/input_pipeline/h100/products/fixed_shape_new/w8/sensitivity_w08_p2_s1_r1/train.log	records/model_dirs/invalid/hpcasia_gpu_input/fixed_shape_new/products/fixed_shape/workers/w8/sensitivity_w08_p2_s1_r1/train.log	d8887a824eb31b85ab6de3f7bf31a15b7e6a99d147ca1fd6ef65b14596ba4d15
records/raw_logs/invalid/hpcasia/input_pipeline/h100/products/fixed_shape_new/w8/sensitivity_w08_p2_s1_r2/metrics.jsonl	records/model_dirs/invalid/hpcasia_gpu_input/fixed_shape_new/products/fixed_shape/workers/w8/sensitivity_w08_p2_s1_r2/model/metrics.jsonl	94254da2c7ba46c9a12803e6b63446064501979f107214eee509f0c21c8a2c3c
records/raw_logs/invalid/hpcasia/input_pipeline/h100/products/fixed_shape_new/w8/sensitivity_w08_p2_s1_r2/train.log	records/model_dirs/invalid/hpcasia_gpu_input/fixed_shape_new/products/fixed_shape/workers/w8/sensitivity_w08_p2_s1_r2/train.log	b0b1429113860b1eae35bb66d62fe2d937d07308511911102459e403edf558a0
records/raw_logs/invalid/hpcasia/input_pipeline/h100/products/fixed_shape_new/w48/sensitivity_w48_p2_s1_r3/metrics.jsonl	records/model_dirs/invalid/hpcasia_gpu_input/fixed_shape_new/products/fixed_shape/workers/w48/sensitivity_w48_p2_s1_r3/model/metrics.jsonl	1029108a93d9e7a9b8fbff493691c24defbd805f5d73685665db2a92ac0f0335
records/raw_logs/invalid/hpcasia/input_pipeline/h100/products/fixed_shape_new/w48/sensitivity_w48_p2_s1_r3/train.log	records/model_dirs/invalid/hpcasia_gpu_input/fixed_shape_new/products/fixed_shape/workers/w48/sensitivity_w48_p2_s1_r3/train.log	dbb76f489430e743eac2d7e5df540b7fb96b3c6072dab0da2c7d570db8c5022a
records/raw_logs/invalid/hpcasia/input_pipeline/h100/products/fixed_shape_new/w48/sensitivity_w48_p2_s1_r2/metrics.jsonl	records/model_dirs/invalid/hpcasia_gpu_input/fixed_shape_new/products/fixed_shape/workers/w48/sensitivity_w48_p2_s1_r2/model/metrics.jsonl	0462fe6a31e83ceb74f5af4c8a76f48df1a8514b4703e63442238917f50e0ec1
records/raw_logs/invalid/hpcasia/input_pipeline/h100/products/fixed_shape_new/w48/sensitivity_w48_p2_s1_r2/train.log	records/model_dirs/invalid/hpcasia_gpu_input/fixed_shape_new/products/fixed_shape/workers/w48/sensitivity_w48_p2_s1_r2/train.log	f1806145a41102a9508e75679fcf85bb427625b8ebc26d2d42c34159db27d6d9
records/raw_logs/invalid/hpcasia/input_pipeline/h100/products/fixed_shape_new/w48/sensitivity_w48_p2_s1_r1/metrics.jsonl	records/model_dirs/invalid/hpcasia_gpu_input/fixed_shape_new/products/fixed_shape/workers/w48/sensitivity_w48_p2_s1_r1/model/metrics.jsonl	fcc9cf3c6e203615166bb7893b1f109d50dd1cd54cddac9144aca2efa2a8fda8
records/raw_logs/invalid/hpcasia/input_pipeline/h100/products/fixed_shape_new/w48/sensitivity_w48_p2_s1_r1/train.log	records/model_dirs/invalid/hpcasia_gpu_input/fixed_shape_new/products/fixed_shape/workers/w48/sensitivity_w48_p2_s1_r1/train.log	b6ef4c4c9f34093cb433181b27f6e02ee09fe8b43a47292fb5cb55c2f78c82af
records/raw_logs/invalid/hpcasia/input_pipeline/h100/products/fixed_shape_retry_20260920T093643Z/w48/sensitivity_w48_p2_s1_r3/metrics.jsonl	records/model_dirs/invalid/hpcasia_gpu_input/fixed_shape_retry_20260920T093643Z/products/fixed_shape/workers/w48/sensitivity_w48_p2_s1_r3/model/metrics.jsonl	8ebdc99cd7a31e388988dfed978abad4deea8840bee96000d0c77f949b4051e5
records/raw_logs/invalid/hpcasia/input_pipeline/h100/products/fixed_shape_retry_20260920T093643Z/w48/sensitivity_w48_p2_s1_r3/train.log	records/model_dirs/invalid/hpcasia_gpu_input/fixed_shape_retry_20260920T093643Z/products/fixed_shape/workers/w48/sensitivity_w48_p2_s1_r3/train.log	8a6933ee4d23b66038837addc19848696809b511bade872e9ba74d61393f5d14
records/raw_logs/invalid/hpcasia/input_pipeline/h100/products/fixed_shape_retry_20260920T093643Z/w48/sensitivity_w48_p2_s1_r2/metrics.jsonl	records/model_dirs/invalid/hpcasia_gpu_input/fixed_shape_retry_20260920T093643Z/products/fixed_shape/workers/w48/sensitivity_w48_p2_s1_r2/model/metrics.jsonl	57356924846e463858e219ecb756ea170016030bc02dc7dbaae162a3b2f92824
records/raw_logs/invalid/hpcasia/input_pipeline/h100/products/fixed_shape_retry_20260920T093643Z/w48/sensitivity_w48_p2_s1_r2/train.log	records/model_dirs/invalid/hpcasia_gpu_input/fixed_shape_retry_20260920T093643Z/products/fixed_shape/workers/w48/sensitivity_w48_p2_s1_r2/train.log	b63733b986e9b4b8c32141725f002654f27a3220f260dfcc20fca52a7da6beb8
records/raw_logs/invalid/hpcasia/input_pipeline/h100/products/fixed_shape_retry_20260920T093643Z/w48/sensitivity_w48_p2_s1_r1/metrics.jsonl	records/model_dirs/invalid/hpcasia_gpu_input/fixed_shape_retry_20260920T093643Z/products/fixed_shape/workers/w48/sensitivity_w48_p2_s1_r1/model/metrics.jsonl	dc90a9d77fec5b8b2ac6f99311f474f729b0b462ce2ebe855a32c598354adc6e
records/raw_logs/invalid/hpcasia/input_pipeline/h100/products/fixed_shape_retry_20260920T093643Z/w48/sensitivity_w48_p2_s1_r1/train.log	records/model_dirs/invalid/hpcasia_gpu_input/fixed_shape_retry_20260920T093643Z/products/fixed_shape/workers/w48/sensitivity_w48_p2_s1_r1/train.log	31c1eaf41377b18d5ec7426ef3d296ebfa99efb57f72c55440ae84d9610abbfc
records/raw_logs/invalid/hpcasia/input_pipeline/h100/products/fixed_shape_retry_20260920T093643Z/w48/resources/0:13272.nqsv_3710543.log	records/model_dirs/invalid/hpcasia_gpu_input/fixed_shape_retry_20260920T093643Z/products/fixed_shape/workers/w48/resources/0:13272.nqsv_3710543.log	dee376c6e819e3a72f42f5c4177b6d49a20a56da6a03c1756dcc7f7f54d019d5
