purpose	platform	dataset	run	status	metric_basis	workers	seed	log	params	result
input_pipeline	cs3	arxiv	invalid/hpcasia_r04/campaign_20260918T032805.576636Z/diagnostic_w12	failed	incomplete	12	42	records/raw_logs/invalid/hpcasia/input_pipeline/cs3/arxiv/diagnostics/campaign_20260918T032805.576636Z/diagnostic_w12/train.log	records/model_dirs/invalid/hpcasia_r04/campaign_20260918T032805.576636Z/diagnostic_w12/params.yaml	records/model_dirs/invalid/hpcasia_r04/campaign_20260918T032805.576636Z/diagnostic_w12/result.json
input_pipeline	h100	products	invalid/hpcasia_gpu_input/fixed_shape_new/products/fixed_shape/workers/w2/sensitivity_w02_p2_s1_r1	timeout	incomplete	2	42	records/raw_logs/invalid/hpcasia/input_pipeline/h100/products/fixed_shape_new/w2/sensitivity_w02_p2_s1_r1/train.log	records/model_dirs/invalid/hpcasia_gpu_input/fixed_shape_new/products/fixed_shape/workers/w2/sensitivity_w02_p2_s1_r1/params.yaml	records/model_dirs/invalid/hpcasia_gpu_input/fixed_shape_new/products/fixed_shape/workers/w2/sensitivity_w02_p2_s1_r1/result.json
input_pipeline	h100	products	invalid/hpcasia_gpu_input/fixed_shape_new/products/fixed_shape/workers/w2/sensitivity_w02_p2_s1_r2	timeout	incomplete	2	42	records/raw_logs/invalid/hpcasia/input_pipeline/h100/products/fixed_shape_new/w2/sensitivity_w02_p2_s1_r2/train.log	records/model_dirs/invalid/hpcasia_gpu_input/fixed_shape_new/products/fixed_shape/workers/w2/sensitivity_w02_p2_s1_r2/params.yaml	records/model_dirs/invalid/hpcasia_gpu_input/fixed_shape_new/products/fixed_shape/workers/w2/sensitivity_w02_p2_s1_r2/result.json
input_pipeline	h100	products	invalid/hpcasia_gpu_input/fixed_shape_new/products/fixed_shape/workers/w2/sensitivity_w02_p2_s1_r3	timeout	incomplete	2	42	records/raw_logs/invalid/hpcasia/input_pipeline/h100/products/fixed_shape_new/w2/sensitivity_w02_p2_s1_r3/train.log	records/model_dirs/invalid/hpcasia_gpu_input/fixed_shape_new/products/fixed_shape/workers/w2/sensitivity_w02_p2_s1_r3/params.yaml	records/model_dirs/invalid/hpcasia_gpu_input/fixed_shape_new/products/fixed_shape/workers/w2/sensitivity_w02_p2_s1_r3/result.json
input_pipeline	h100	products	invalid/hpcasia_gpu_input/fixed_shape_new/products/fixed_shape/workers/w4/sensitivity_w04_p2_s1_r1	timeout	incomplete	4	42	records/raw_logs/invalid/hpcasia/input_pipeline/h100/products/fixed_shape_new/w4/sensitivity_w04_p2_s1_r1/train.log	records/model_dirs/invalid/hpcasia_gpu_input/fixed_shape_new/products/fixed_shape/workers/w4/sensitivity_w04_p2_s1_r1/params.yaml	records/model_dirs/invalid/hpcasia_gpu_input/fixed_shape_new/products/fixed_shape/workers/w4/sensitivity_w04_p2_s1_r1/result.json
input_pipeline	h100	products	invalid/hpcasia_gpu_input/fixed_shape_new/products/fixed_shape/workers/w4/sensitivity_w04_p2_s1_r2	timeout	incomplete	4	42	records/raw_logs/invalid/hpcasia/input_pipeline/h100/products/fixed_shape_new/w4/sensitivity_w04_p2_s1_r2/train.log	records/model_dirs/invalid/hpcasia_gpu_input/fixed_shape_new/products/fixed_shape/workers/w4/sensitivity_w04_p2_s1_r2/params.yaml	records/model_dirs/invalid/hpcasia_gpu_input/fixed_shape_new/products/fixed_shape/workers/w4/sensitivity_w04_p2_s1_r2/result.json
input_pipeline	h100	products	invalid/hpcasia_gpu_input/fixed_shape_new/products/fixed_shape/workers/w4/sensitivity_w04_p2_s1_r3	timeout	incomplete	4	42	records/raw_logs/invalid/hpcasia/input_pipeline/h100/products/fixed_shape_new/w4/sensitivity_w04_p2_s1_r3/train.log	records/model_dirs/invalid/hpcasia_gpu_input/fixed_shape_new/products/fixed_shape/workers/w4/sensitivity_w04_p2_s1_r3/params.yaml	records/model_dirs/invalid/hpcasia_gpu_input/fixed_shape_new/products/fixed_shape/workers/w4/sensitivity_w04_p2_s1_r3/result.json
input_pipeline	h100	products	invalid/hpcasia_gpu_input/fixed_shape_new/products/fixed_shape/workers/w48/sensitivity_w48_p2_s1_r1	failed	incomplete	48	42	records/raw_logs/invalid/hpcasia/input_pipeline/h100/products/fixed_shape_new/w48/sensitivity_w48_p2_s1_r1/train.log	records/model_dirs/invalid/hpcasia_gpu_input/fixed_shape_new/products/fixed_shape/workers/w48/sensitivity_w48_p2_s1_r1/params.yaml	records/model_dirs/invalid/hpcasia_gpu_input/fixed_shape_new/products/fixed_shape/workers/w48/sensitivity_w48_p2_s1_r1/result.json
input_pipeline	h100	products	invalid/hpcasia_gpu_input/fixed_shape_new/products/fixed_shape/workers/w48/sensitivity_w48_p2_s1_r2	failed	incomplete	48	42	records/raw_logs/invalid/hpcasia/input_pipeline/h100/products/fixed_shape_new/w48/sensitivity_w48_p2_s1_r2/train.log	records/model_dirs/invalid/hpcasia_gpu_input/fixed_shape_new/products/fixed_shape/workers/w48/sensitivity_w48_p2_s1_r2/params.yaml	records/model_dirs/invalid/hpcasia_gpu_input/fixed_shape_new/products/fixed_shape/workers/w48/sensitivity_w48_p2_s1_r2/result.json
input_pipeline	h100	products	invalid/hpcasia_gpu_input/fixed_shape_new/products/fixed_shape/workers/w48/sensitivity_w48_p2_s1_r3	failed	incomplete	48	42	records/raw_logs/invalid/hpcasia/input_pipeline/h100/products/fixed_shape_new/w48/sensitivity_w48_p2_s1_r3/train.log	records/model_dirs/invalid/hpcasia_gpu_input/fixed_shape_new/products/fixed_shape/workers/w48/sensitivity_w48_p2_s1_r3/params.yaml	records/model_dirs/invalid/hpcasia_gpu_input/fixed_shape_new/products/fixed_shape/workers/w48/sensitivity_w48_p2_s1_r3/result.json
input_pipeline	h100	products	invalid/hpcasia_gpu_input/fixed_shape_new/products/fixed_shape/workers/w8/sensitivity_w08_p2_s1_r1	timeout	incomplete	8	42	records/raw_logs/invalid/hpcasia/input_pipeline/h100/products/fixed_shape_new/w8/sensitivity_w08_p2_s1_r1/train.log	records/model_dirs/invalid/hpcasia_gpu_input/fixed_shape_new/products/fixed_shape/workers/w8/sensitivity_w08_p2_s1_r1/params.yaml	records/model_dirs/invalid/hpcasia_gpu_input/fixed_shape_new/products/fixed_shape/workers/w8/sensitivity_w08_p2_s1_r1/result.json
input_pipeline	h100	products	invalid/hpcasia_gpu_input/fixed_shape_new/products/fixed_shape/workers/w8/sensitivity_w08_p2_s1_r2	timeout	incomplete	8	42	records/raw_logs/invalid/hpcasia/input_pipeline/h100/products/fixed_shape_new/w8/sensitivity_w08_p2_s1_r2/train.log	records/model_dirs/invalid/hpcasia_gpu_input/fixed_shape_new/products/fixed_shape/workers/w8/sensitivity_w08_p2_s1_r2/params.yaml	records/model_dirs/invalid/hpcasia_gpu_input/fixed_shape_new/products/fixed_shape/workers/w8/sensitivity_w08_p2_s1_r2/result.json
input_pipeline	h100	products	invalid/hpcasia_gpu_input/fixed_shape_new/products/fixed_shape/workers/w8/sensitivity_w08_p2_s1_r3	timeout	incomplete	8	42	records/raw_logs/invalid/hpcasia/input_pipeline/h100/products/fixed_shape_new/w8/sensitivity_w08_p2_s1_r3/train.log	records/model_dirs/invalid/hpcasia_gpu_input/fixed_shape_new/products/fixed_shape/workers/w8/sensitivity_w08_p2_s1_r3/params.yaml	records/model_dirs/invalid/hpcasia_gpu_input/fixed_shape_new/products/fixed_shape/workers/w8/sensitivity_w08_p2_s1_r3/result.json
input_pipeline	h100	products	invalid/hpcasia_gpu_input/fixed_shape_retry_20260920T093643Z/products/fixed_shape/workers/w48/sensitivity_w48_p2_s1_r1	failed	incomplete	48	42	records/raw_logs/invalid/hpcasia/input_pipeline/h100/products/fixed_shape_retry_20260920T093643Z/w48/sensitivity_w48_p2_s1_r1/train.log	records/model_dirs/invalid/hpcasia_gpu_input/fixed_shape_retry_20260920T093643Z/products/fixed_shape/workers/w48/sensitivity_w48_p2_s1_r1/params.yaml	records/model_dirs/invalid/hpcasia_gpu_input/fixed_shape_retry_20260920T093643Z/products/fixed_shape/workers/w48/sensitivity_w48_p2_s1_r1/result.json
input_pipeline	h100	products	invalid/hpcasia_gpu_input/fixed_shape_retry_20260920T093643Z/products/fixed_shape/workers/w48/sensitivity_w48_p2_s1_r2	failed	incomplete	48	42	records/raw_logs/invalid/hpcasia/input_pipeline/h100/products/fixed_shape_retry_20260920T093643Z/w48/sensitivity_w48_p2_s1_r2/train.log	records/model_dirs/invalid/hpcasia_gpu_input/fixed_shape_retry_20260920T093643Z/products/fixed_shape/workers/w48/sensitivity_w48_p2_s1_r2/params.yaml	records/model_dirs/invalid/hpcasia_gpu_input/fixed_shape_retry_20260920T093643Z/products/fixed_shape/workers/w48/sensitivity_w48_p2_s1_r2/result.json
input_pipeline	h100	products	invalid/hpcasia_gpu_input/fixed_shape_retry_20260920T093643Z/products/fixed_shape/workers/w48/sensitivity_w48_p2_s1_r3	failed	incomplete	48	42	records/raw_logs/invalid/hpcasia/input_pipeline/h100/products/fixed_shape_retry_20260920T093643Z/w48/sensitivity_w48_p2_s1_r3/train.log	records/model_dirs/invalid/hpcasia_gpu_input/fixed_shape_retry_20260920T093643Z/products/fixed_shape/workers/w48/sensitivity_w48_p2_s1_r3/params.yaml	records/model_dirs/invalid/hpcasia_gpu_input/fixed_shape_retry_20260920T093643Z/products/fixed_shape/workers/w48/sensitivity_w48_p2_s1_r3/result.json
