cohort	condition	n_runs	start_step	end_step	throughput_metric	throughput_mean	throughput_sample_sd	pod_cpu_cores_mean	pod_cpu_cores_sample_sd	streamer_cpu_cores_mean	streamer_cpu_cores_sample_sd	ws_cpu_cores_mean	ws_cpu_cores_sample_sd	pod_working_set_gib_mean	pod_working_set_gib_sample_sd	streamer_processes_mean	streamer_processes_sample_sd	net1_egress_mib_per_second_mean	net1_egress_mib_per_second_sample_sd
matched_workers	12	6	40	440	actual_seed_nodes_per_second	2426.2966132365495	30.60411037746468	37.164689418508	1.6852386961027124	2.0740484515178506	0.4325591350287494	35.08971481365419	1.7619894769495907	13.838438525344387	0.5320161175316381	19.0	0.0	661.8830383419436	20.835802309061094
matched_workers	4	6	40	440	actual_seed_nodes_per_second	2428.530783688954	9.749716952171978	38.49945401367661	0.8138583244314075	3.0214318816587173	0.17871273853643138	35.47802213201789	0.8539212818259992	7.465604388524616	0.36237713453263004	11.0	0.0	664.9467707489939	13.070760025803997
matched_workers	8	6	40	440	actual_seed_nodes_per_second	2425.7799326766603	20.508736076217833	38.326098359131485	1.3205812655959914	2.6189296546142793	0.15706129601976015	35.70676636033895	1.307795663082496	12.375839840282094	0.4061284393329045	15.0	0.0	657.3904104344302	17.93138837981586
matched_workers	16	6	40	440	actual_seed_nodes_per_second	2444.591707388855	54.75105690813671	37.94503680751709	1.134101472405675	2.637849538301242	0.610473452278824	35.30628412299727	0.9269853763698627	14.220196820268727	0.47407281251144673	23.0	0.0	678.8817329061018	19.247007077418722
input_control	control_feature_cache	3	40	440	nominal_slots_per_second	2359.3473992260447	3.4964729492275195	39.74238128375445	1.7073997462593962	2.740415760860316	0.06339149518216386	37.00196552289413	1.7015660279534552	7.987081334210824	0.02975703686544002	11.0	0.0	661.4458681508341	15.007807989929681
input_control	control_persistent_off	3	40	440	nominal_slots_per_second	2361.161725266842	10.39103649153793	38.16994446270501	0.914847090595499	2.5384050925005077	0.1442185720793384	35.6315393702045	0.7752510352560993	8.71406666437785	0.7977542189382861	11.0	0.0	660.0472862162978	26.389356702201628
input_control	control_prefetch1	3	40	440	nominal_slots_per_second	2368.0941242369527	7.484449356315661	40.935520491702896	0.9500461869589469	2.6242343222106923	0.08399308776332455	38.311286169492206	0.8903174940083866	5.138202169667119	0.07827945087977377	11.0	0.0	681.2939078674675	21.03911468524664
input_control	control_static_batch	3	40	440	nominal_slots_per_second	3036.255996827936	14.938391519848063	46.887423987178195	0.45684640435847806	0.18992069105407466	0.0015607886825929405	46.69649162875952	0.45477446983126985	6.915714617128725	0.014839955721682917	11.0	0.0	859.466605400848	3.1228721980443073
input_control	baseline	3	40	440	nominal_slots_per_second	2375.2424710153805	10.946725888082977	40.01568046664082	1.4653207207998271	2.8611277513235516	0.1331743240169518	37.15455271531727	1.3451424276665656	7.488524192773202	0.16162481072466858	11.0	0.0	669.2466974026706	7.931059733741515
