workers	run	start_step	end_step	seed_nodes_per_second	input_order_sha256	log	params	result
4	hpcasia_final/arxiv_20260919T033125.784128Z/seed_42/throughput_r1	40	440	2444.499468416842	cb189ecb3f75e653df7daacc08ead8c3b14bd353d302209c179a41e2b2b47d07	records/raw_logs/hpcasia/throughput/cs3/arxiv/arxiv_20260919T033125.784128Z/seed_42/throughput_r1/train.log	records/model_dirs/hpcasia_final/arxiv_20260919T033125.784128Z/seed_42/throughput_r1/params.yaml	records/model_dirs/hpcasia_final/arxiv_20260919T033125.784128Z/seed_42/throughput_r1/result.json
4	hpcasia_final/arxiv_20260919T033125.784128Z/seed_42/throughput_r2	40	440	2428.8255762639674	cb189ecb3f75e653df7daacc08ead8c3b14bd353d302209c179a41e2b2b47d07	records/raw_logs/hpcasia/throughput/cs3/arxiv/arxiv_20260919T033125.784128Z/seed_42/throughput_r2/train.log	records/model_dirs/hpcasia_final/arxiv_20260919T033125.784128Z/seed_42/throughput_r2/params.yaml	records/model_dirs/hpcasia_final/arxiv_20260919T033125.784128Z/seed_42/throughput_r2/result.json
4	hpcasia_final/arxiv_20260919T033125.784128Z/seed_42/throughput_r3	40	440	2426.6726068855332	cb189ecb3f75e653df7daacc08ead8c3b14bd353d302209c179a41e2b2b47d07	records/raw_logs/hpcasia/throughput/cs3/arxiv/arxiv_20260919T033125.784128Z/seed_42/throughput_r3/train.log	records/model_dirs/hpcasia_final/arxiv_20260919T033125.784128Z/seed_42/throughput_r3/params.yaml	records/model_dirs/hpcasia_final/arxiv_20260919T033125.784128Z/seed_42/throughput_r3/result.json
8	hpcasia_learning/arxiv_20260918T122510.309655Z/tuning/loader_w08_p2_s1_r1	40	440	2432.0640751854926	cb189ecb3f75e653df7daacc08ead8c3b14bd353d302209c179a41e2b2b47d07	records/raw_logs/hpcasia/input_pipeline/cs3/arxiv/tuning/arxiv_20260918T122510.309655Z/loader_w08_p2_s1_r1/train.log	records/model_dirs/hpcasia_learning/arxiv_20260918T122510.309655Z/tuning/loader_w08_p2_s1_r1/params.yaml	records/model_dirs/hpcasia_learning/arxiv_20260918T122510.309655Z/tuning/loader_w08_p2_s1_r1/result.json
8	hpcasia_learning/arxiv_20260918T122510.309655Z/tuning/workers_w08_p2_s1_r1	40	440	2444.3368109608714	cb189ecb3f75e653df7daacc08ead8c3b14bd353d302209c179a41e2b2b47d07	records/raw_logs/hpcasia/input_pipeline/cs3/arxiv/tuning/arxiv_20260918T122510.309655Z/workers_w08_p2_s1_r1/train.log	records/model_dirs/hpcasia_learning/arxiv_20260918T122510.309655Z/tuning/workers_w08_p2_s1_r1/params.yaml	records/model_dirs/hpcasia_learning/arxiv_20260918T122510.309655Z/tuning/workers_w08_p2_s1_r1/result.json
8	hpcasia_learning/arxiv_20260918T122621.253613Z/tuning/loader_w08_p2_s1_r1	40	440	2421.167670636563	cb189ecb3f75e653df7daacc08ead8c3b14bd353d302209c179a41e2b2b47d07	records/raw_logs/hpcasia/input_pipeline/cs3/arxiv/tuning/arxiv_20260918T122621.253613Z/loader_w08_p2_s1_r1/train.log	records/model_dirs/hpcasia_learning/arxiv_20260918T122621.253613Z/tuning/loader_w08_p2_s1_r1/params.yaml	records/model_dirs/hpcasia_learning/arxiv_20260918T122621.253613Z/tuning/loader_w08_p2_s1_r1/result.json
8	hpcasia_learning/arxiv_20260918T122621.253613Z/tuning/workers_w08_p2_s1_r1	40	440	2441.812723568313	cb189ecb3f75e653df7daacc08ead8c3b14bd353d302209c179a41e2b2b47d07	records/raw_logs/hpcasia/input_pipeline/cs3/arxiv/tuning/arxiv_20260918T122621.253613Z/workers_w08_p2_s1_r1/train.log	records/model_dirs/hpcasia_learning/arxiv_20260918T122621.253613Z/tuning/workers_w08_p2_s1_r1/params.yaml	records/model_dirs/hpcasia_learning/arxiv_20260918T122621.253613Z/tuning/workers_w08_p2_s1_r1/result.json
12	hpcasia_learning/arxiv_20260918T122510.309655Z/tuning/loader_w12_p2_s1_r1	40	440	2435.667960883604	cb189ecb3f75e653df7daacc08ead8c3b14bd353d302209c179a41e2b2b47d07	records/raw_logs/hpcasia/input_pipeline/cs3/arxiv/tuning/arxiv_20260918T122510.309655Z/loader_w12_p2_s1_r1/train.log	records/model_dirs/hpcasia_learning/arxiv_20260918T122510.309655Z/tuning/loader_w12_p2_s1_r1/params.yaml	records/model_dirs/hpcasia_learning/arxiv_20260918T122510.309655Z/tuning/loader_w12_p2_s1_r1/result.json
12	hpcasia_learning/arxiv_20260918T122510.309655Z/tuning/workers_w12_p2_s1_r1	40	440	2457.9764720527824	cb189ecb3f75e653df7daacc08ead8c3b14bd353d302209c179a41e2b2b47d07	records/raw_logs/hpcasia/input_pipeline/cs3/arxiv/tuning/arxiv_20260918T122510.309655Z/workers_w12_p2_s1_r1/train.log	records/model_dirs/hpcasia_learning/arxiv_20260918T122510.309655Z/tuning/workers_w12_p2_s1_r1/params.yaml	records/model_dirs/hpcasia_learning/arxiv_20260918T122510.309655Z/tuning/workers_w12_p2_s1_r1/result.json
12	hpcasia_learning/arxiv_20260918T122621.253613Z/tuning/workers_w12_p2_s1_r1	40	440	2397.192439314955	cb189ecb3f75e653df7daacc08ead8c3b14bd353d302209c179a41e2b2b47d07	records/raw_logs/hpcasia/input_pipeline/cs3/arxiv/tuning/arxiv_20260918T122621.253613Z/workers_w12_p2_s1_r1/train.log	records/model_dirs/hpcasia_learning/arxiv_20260918T122621.253613Z/tuning/workers_w12_p2_s1_r1/params.yaml	records/model_dirs/hpcasia_learning/arxiv_20260918T122621.253613Z/tuning/workers_w12_p2_s1_r1/result.json
16	hpcasia_learning/arxiv_20260918T122510.309655Z/tuning/workers_w16_p2_s1_r1	40	440	2381.5823198955454	cb189ecb3f75e653df7daacc08ead8c3b14bd353d302209c179a41e2b2b47d07	records/raw_logs/hpcasia/input_pipeline/cs3/arxiv/tuning/arxiv_20260918T122510.309655Z/workers_w16_p2_s1_r1/train.log	records/model_dirs/hpcasia_learning/arxiv_20260918T122510.309655Z/tuning/workers_w16_p2_s1_r1/params.yaml	records/model_dirs/hpcasia_learning/arxiv_20260918T122510.309655Z/tuning/workers_w16_p2_s1_r1/result.json
16	hpcasia_learning/arxiv_20260918T122621.253613Z/tuning/loader_w16_p2_s1_r1	40	440	2465.796235416062	cb189ecb3f75e653df7daacc08ead8c3b14bd353d302209c179a41e2b2b47d07	records/raw_logs/hpcasia/input_pipeline/cs3/arxiv/tuning/arxiv_20260918T122621.253613Z/loader_w16_p2_s1_r1/train.log	records/model_dirs/hpcasia_learning/arxiv_20260918T122621.253613Z/tuning/loader_w16_p2_s1_r1/params.yaml	records/model_dirs/hpcasia_learning/arxiv_20260918T122621.253613Z/tuning/loader_w16_p2_s1_r1/result.json
16	hpcasia_learning/arxiv_20260918T122621.253613Z/tuning/workers_w16_p2_s1_r1	40	440	2474.704525799942	cb189ecb3f75e653df7daacc08ead8c3b14bd353d302209c179a41e2b2b47d07	records/raw_logs/hpcasia/input_pipeline/cs3/arxiv/tuning/arxiv_20260918T122621.253613Z/workers_w16_p2_s1_r1/train.log	records/model_dirs/hpcasia_learning/arxiv_20260918T122621.253613Z/tuning/workers_w16_p2_s1_r1/params.yaml	records/model_dirs/hpcasia_learning/arxiv_20260918T122621.253613Z/tuning/workers_w16_p2_s1_r1/result.json
